lr-AdamW/pg1,lr-AdamW/pg2,step,train_reg_loss_traj_propose_step,train_reg_loss_traj_refine_step,train_loss_step,epoch,val_reg_loss_traj_propose,val_reg_loss_traj_refine,val_loss,val_minJointADE,val_minJointFDE,train_reg_loss_traj_propose_epoch,train_reg_loss_traj_refine_epoch,train_loss_epoch
0.000125,0.000125,0,,,,,,,,,,,,
,,49,3.8130879402160645,3.454554319381714,7.267642021179199,0,,,,,,,,
,,99,6.018438816070557,5.439604759216309,11.458044052124023,0,,,,,,,,
,,149,7.750731468200684,6.501491546630859,14.252223014831543,0,,,,,,,,
,,199,5.7734222412109375,4.575829029083252,10.349250793457031,0,,,,,,,,
,,249,5.040931701660156,3.992622137069702,9.033554077148438,0,,,,,,,,
,,299,1.5537759065628052,1.2078843116760254,2.761660099029541,0,,,,,,,,
,,349,5.34205961227417,3.4200313091278076,8.762090682983398,0,,,,,,,,
,,399,3.7597179412841797,2.4565701484680176,6.216288089752197,0,,,,,,,,
,,449,4.0812296867370605,2.908113718032837,6.989343643188477,0,,,,,,,,
,,499,2.7821381092071533,1.8978039026260376,4.6799421310424805,0,,,,,,,,
,,549,5.15275239944458,3.0596377849578857,8.212389945983887,0,,,,,,,,
,,599,2.055365800857544,1.444374680519104,3.4997406005859375,0,,,,,,,,
,,649,3.1179988384246826,1.829412817955017,4.94741153717041,0,,,,,,,,
,,699,3.5749828815460205,1.9155970811843872,5.490580081939697,0,,,,,,,,
,,749,2.6945183277130127,1.5595474243164062,4.25406551361084,0,,,,,,,,
,,799,3.942441701889038,1.875796914100647,5.818238735198975,0,,,,,,,,
,,849,2.9798803329467773,1.6813932657241821,4.66127347946167,0,,,,,,,,
,,899,1.7067030668258667,0.9818340539932251,2.688537120819092,0,,,,,,,,
,,949,1.5539579391479492,0.7078155875205994,2.2617735862731934,0,,,,,,,,
,,999,0.8263708353042603,0.4840394854545593,1.3104102611541748,0,,,,,,,,
,,1049,2.646557569503784,1.1031725406646729,3.749730110168457,0,,,,,,,,
,,1099,3.1548991203308105,1.3996487855911255,4.5545477867126465,0,,,,,,,,
,,1149,1.888179898262024,0.7781982421875,2.6663780212402344,0,,,,,,,,
,,1199,0.3824831545352936,0.32818764448165894,0.7106708288192749,0,,,,,,,,
,,1249,4.306410312652588,2.9134867191314697,7.219897270202637,0,,,,,,,,
,,1299,1.732366919517517,0.9122841954231262,2.644651174545288,0,,,,,,,,
,,1349,1.962146520614624,1.0166494846343994,2.9787960052490234,0,,,,,,,,
,,1399,1.4227938652038574,1.0027409791946411,2.425534725189209,0,,,,,,,,
,,1449,1.9292453527450562,1.1114490032196045,3.040694236755371,0,,,,,,,,
,,1499,4.334346294403076,2.74973726272583,7.084083557128906,0,,,,,,,,
,,1549,1.893173336982727,0.9237502813339233,2.8169236183166504,0,,,,,,,,
,,1599,0.47033917903900146,0.44863608479499817,0.9189752340316772,0,,,,,,,,
,,1649,8.37009334564209,4.855381965637207,13.225475311279297,0,,,,,,,,
,,1699,5.508313179016113,2.799400806427002,8.307714462280273,0,,,,,,,,
,,1749,0.7305192947387695,0.6249562501907349,1.3554755449295044,0,,,,,,,,
,,1799,0.5757149457931519,0.5332860350608826,1.1090009212493896,0,,,,,,,,
,,1849,1.630036473274231,0.6303281188011169,2.260364532470703,0,,,,,,,,
,,1899,1.690189242362976,0.9798690676689148,2.670058250427246,0,,,,,,,,
,,1949,0.8710757493972778,0.6237139105796814,1.4947896003723145,0,,,,,,,,
,,1999,12.030019760131836,5.886420726776123,17.916440963745117,0,,,,,,,,
,,2049,1.1716974973678589,0.8162698149681091,1.9879672527313232,0,,,,,,,,
,,2099,2.0392754077911377,1.2077072858810425,3.2469825744628906,0,,,,,,,,
,,2149,3.3042540550231934,1.8918476104736328,5.196101665496826,0,,,,,,,,
,,2199,0.8615685105323792,0.5214571952819824,1.3830256462097168,0,,,,,,,,
,,2249,0.6931528449058533,0.37237802147865295,1.0655308961868286,0,,,,,,,,
,,2299,1.1839739084243774,0.6835517287254333,1.867525577545166,0,,,,,,,,
,,2349,0.8139117956161499,0.6704281568527222,1.484339952468872,0,,,,,,,,
,,2399,0.9083628058433533,0.5240188241004944,1.4323816299438477,0,,,,,,,,
,,2449,0.6197035908699036,0.5540947914123535,1.1737983226776123,0,,,,,,,,
,,2499,0.6790673136711121,0.4850362241268158,1.1641035079956055,0,,,,,,,,
,,2549,0.3076915740966797,0.35127243399620056,0.6589640378952026,0,,,,,,,,
,,2599,0.928899347782135,0.80027174949646,1.7291710376739502,0,,,,,,,,
,,2649,0.5787368416786194,0.5032963156700134,1.0820331573486328,0,,,,,,,,
,,2699,0.11774811893701553,0.11989611387252808,0.237644225358963,0,,,,,,,,
,,2749,1.1899161338806152,1.028327465057373,2.2182435989379883,0,,,,,,,,
,,2799,0.2092745155096054,0.16971416771411896,0.37898868322372437,0,,,,,,,,
,,2849,0.15541619062423706,0.16874562203884125,0.3241618275642395,0,,,,,,,,
,,2899,1.1206327676773071,1.2010760307312012,2.3217086791992188,0,,,,,,,,
,,2949,0.5029476284980774,0.5176042914390564,1.0205519199371338,0,,,,,,,,
,,2999,0.6768631339073181,0.6145670413970947,1.2914302349090576,0,,,,,,,,
,,3049,0.5802571773529053,0.5915038585662842,1.1717610359191895,0,,,,,,,,
,,3099,0.6339510083198547,0.5266520380973816,1.1606030464172363,0,,,,,,,,
,,3149,0.6775892972946167,0.6835697293281555,1.361159086227417,0,,,,,,,,
,,3199,0.6003031730651855,0.4299168884754181,1.0302200317382812,0,,,,,,,,
,,3249,0.678924560546875,0.6352928280830383,1.3142173290252686,0,,,,,,,,
,,3299,0.6745229363441467,0.5185168385505676,1.1930397748947144,0,,,,,,,,
,,3349,0.348285436630249,0.3740558624267578,0.7223412990570068,0,,,,,,,,
,,3399,0.842521071434021,0.6081125140190125,1.4506335258483887,0,,,,,,,,
,,3449,0.4660322666168213,0.3417986035346985,0.8078308701515198,0,,,,,,,,
,,3499,0.730952262878418,0.7135730981826782,1.4445253610610962,0,,,,,,,,
,,3549,0.572916567325592,0.558672308921814,1.1315889358520508,0,,,,,,,,
,,3599,0.7935097813606262,0.6642313003540039,1.4577410221099854,0,,,,,,,,
,,3649,0.4739706516265869,0.39629927277565,0.8702698945999146,0,,,,,,,,
,,3699,0.6243833303451538,0.47468626499176025,1.099069595336914,0,,,,,,,,
,,3749,0.6358557343482971,0.5920268297195435,1.2278826236724854,0,,,,,,,,
,,3799,0.6953753232955933,0.5992476940155029,1.2946230173110962,0,,,,,,,,
,,3849,0.8300133943557739,0.6709723472595215,1.5009857416152954,0,,,,,,,,
,,3899,1.3152284622192383,0.9965738654136658,2.311802387237549,0,,,,,,,,
,,3949,0.6645373106002808,0.5253177285194397,1.1898550987243652,0,,,,,,,,
,,3999,0.572897732257843,0.5225087404251099,1.0954065322875977,0,,,,,,,,
,,4049,0.6775785088539124,0.6275625824928284,1.3051410913467407,0,,,,,,,,
,,4099,0.5257065296173096,0.4415423274040222,0.9672488570213318,0,,,,,,,,
,,4149,0.5744380950927734,0.5343322157859802,1.1087703704833984,0,,,,,,,,
,,4199,0.9606423377990723,0.6799799799919128,1.6406223773956299,0,,,,,,,,
,,4249,0.18894977867603302,0.18944069743156433,0.37839049100875854,0,,,,,,,,
,,4299,0.197004035115242,0.16438910365104675,0.36139315366744995,0,,,,,,,,
,,4349,0.40481728315353394,0.35599273443222046,0.7608100175857544,0,,,,,,,,
,,4399,1.0934977531433105,1.029210090637207,2.1227078437805176,0,,,,,,,,
,,4449,0.5721260905265808,0.5978061556816101,1.169932246208191,0,,,,,,,,
,,4499,0.4909447133541107,0.37129348516464233,0.8622381687164307,0,,,,,,,,
,,4549,0.7306370139122009,0.654059886932373,1.3846969604492188,0,,,,,,,,
,,4599,0.8917024731636047,0.7845351696014404,1.6762375831604004,0,,,,,,,,
,,4649,0.26459813117980957,0.2749170958995819,0.5395152568817139,0,,,,,,,,
,,4699,0.4436626434326172,0.4283261001110077,0.8719887733459473,0,,,,,,,,
,,4749,0.48986825346946716,0.483577698469162,0.9734459519386292,0,,,,,,,,
,,4799,3.0149409770965576,0.7468815445899963,3.761822462081909,0,,,,,,,,
,,4849,0.3615483343601227,0.36553168296813965,0.7270799875259399,0,,,,,,,,
,,4899,0.4172290563583374,0.38113531470298767,0.7983644008636475,0,,,,,,,,
,,4949,0.5667109489440918,0.5243465304374695,1.091057538986206,0,,,,,,,,
,,4999,0.636305034160614,0.5552641749382019,1.191569209098816,0,,,,,,,,
,,5049,0.5111715793609619,0.45188286900520325,0.9630544185638428,0,,,,,,,,
,,5099,0.4822593331336975,0.4687901437282562,0.9510494470596313,0,,,,,,,,
,,5149,0.3874813914299011,0.43549954891204834,0.8229809403419495,0,,,,,,,,
,,5199,0.29396921396255493,0.29554009437561035,0.5895093083381653,0,,,,,,,,
,,5249,0.18046346306800842,0.18031808733940125,0.36078155040740967,0,,,,,,,,
,,5299,0.19946561753749847,0.19898183643817902,0.3984474539756775,0,,,,,,,,
,,5349,0.435491144657135,0.39785537123680115,0.8333464860916138,0,,,,,,,,
,,5399,0.41943860054016113,0.3981134593486786,0.8175520896911621,0,,,,,,,,
,,5449,0.2872987687587738,0.28148752450942993,0.5687862634658813,0,,,,,,,,
,,5499,0.26795798540115356,0.2758488655090332,0.5438068509101868,0,,,,,,,,
,,5549,0.14562121033668518,0.15102219581604004,0.2966434061527252,0,,,,,,,,
,,5599,0.19537828862667084,0.22273874282836914,0.41811704635620117,0,,,,,,,,
,,5649,1.8745447397232056,0.7522364258766174,2.6267812252044678,0,,,,,,,,
,,5699,0.16316261887550354,0.17024143040180206,0.3334040641784668,0,,,,,,,,
,,5749,0.8831270933151245,0.4889253079891205,1.3720524311065674,0,,,,,,,,
,,5799,0.1744946539402008,0.1774725317955017,0.3519671857357025,0,,,,,,,,
,,5849,1.3114428520202637,0.31754836440086365,1.6289912462234497,0,,,,,,,,
,,5899,0.10687608271837234,0.1226167380809784,0.22949281334877014,0,,,,,,,,
,,5949,0.31313490867614746,0.2904447615146637,0.6035796403884888,0,,,,,,,,
,,5999,0.3045447766780853,0.32538896799087524,0.6299337148666382,0,,,,,,,,
,,6049,0.4405375123023987,0.44359880685806274,0.8841363191604614,0,,,,,,,,
,,6099,0.6282626986503601,0.6024933457374573,1.2307560443878174,0,,,,,,,,
,,6149,0.2514753043651581,0.24247518181800842,0.4939504861831665,0,,,,,,,,
,,6199,0.449314683675766,0.4549098014831543,0.9042245149612427,0,,,,,,,,
,,6249,0.25530898571014404,0.23990710079669952,0.4952160716056824,0,,,,,,,,
,,6299,0.29221728444099426,0.2881127595901489,0.5803300142288208,0,,,,,,,,
,,6349,0.6800237894058228,0.6565288305282593,1.336552619934082,0,,,,,,,,
,,6399,0.43544334173202515,0.4548967480659485,0.8903400897979736,0,,,,,,,,
,,6449,0.3646589517593384,0.37972986698150635,0.7443888187408447,0,,,,,,,,
,,6499,0.09369004517793655,0.09383171051740646,0.18752175569534302,0,,,,,,,,
,,6549,0.28419968485832214,0.2883608341217041,0.5725605487823486,0,,,,,,,,
,,6599,0.3256211578845978,0.2871517241001129,0.6127728819847107,0,,,,,,,,
,,6649,0.32070836424827576,0.3154641389846802,0.6361725330352783,0,,,,,,,,
,,6699,1.0781807899475098,0.4657442271709442,1.5439250469207764,0,,,,,,,,
,,6749,0.4611542820930481,0.45551544427871704,0.9166697263717651,0,,,,,,,,
,,6799,1.794425368309021,0.63636314868927,2.430788516998291,0,,,,,,,,
,,6849,0.2330600768327713,0.22852998971939087,0.461590051651001,0,,,,,,,,
,,6899,0.24325545132160187,0.25645875930786133,0.499714195728302,0,,,,,,,,
,,6949,0.26995527744293213,0.26648250222206116,0.5364377498626709,0,,,,,,,,
,,6999,0.4294956922531128,0.4590693414211273,0.8885650634765625,0,,,,,,,,
,,7049,0.3246372640132904,0.3057235777378082,0.6303608417510986,0,,,,,,,,
,,7099,0.4573919475078583,0.4319761395454407,0.8893680572509766,0,,,,,,,,
,,7149,0.6611418724060059,0.3508010804653168,1.011942982673645,0,,,,,,,,
,,7199,0.4185606837272644,0.47158166766166687,0.8901423215866089,0,,,,,,,,
,,7249,0.4836972951889038,0.4676211476325989,0.9513184428215027,0,,,,,,,,
,,7299,0.48411864042282104,0.4818131923675537,0.9659318327903748,0,,,,,,,,
,,7349,0.2611202299594879,0.2532489597797394,0.5143691897392273,0,,,,,,,,
,,7399,0.4554562270641327,0.48102107644081116,0.9364773035049438,0,,,,,,,,
,,7449,0.35707396268844604,0.3609412908554077,0.7180152535438538,0,,,,,,,,
,,7499,0.32883089780807495,0.33357328176498413,0.6624041795730591,0,,,,,,,,
,,7549,0.3374082148075104,0.3227054476737976,0.6601136922836304,0,,,,,,,,
,,7599,0.20056527853012085,0.20609593391418457,0.4066612124443054,0,,,,,,,,
,,7649,0.2622902989387512,0.2587727904319763,0.5210630893707275,0,,,,,,,,
,,7699,0.14912383258342743,0.14603152871131897,0.2951553463935852,0,,,,,,,,
,,7749,0.8886058330535889,0.7979060411453247,1.6865118741989136,0,,,,,,,,
,,7799,0.13209125399589539,0.1367073506116867,0.2687985897064209,0,,,,,,,,
,,7849,0.2939106523990631,0.295573353767395,0.5894839763641357,0,,,,,,,,
,,7899,0.3045634925365448,0.32096192240715027,0.6255254149436951,0,,,,,,,,
,,7949,0.19288910925388336,0.1901264786720276,0.38301557302474976,0,,,,,,,,
,,7999,0.15166175365447998,0.1384008526802063,0.2900626063346863,0,,,,,,,,
,,8049,0.20656339824199677,0.20615416765213013,0.4127175807952881,0,,,,,,,,
,,8099,0.30202043056488037,0.30504435300827026,0.6070647835731506,0,,,,,,,,
,,8149,0.3744327425956726,0.36336538195610046,0.7377980947494507,0,,,,,,,,
,,8199,0.3069027066230774,0.3011561334133148,0.6080588102340698,0,,,,,,,,
,,8249,0.4835800230503082,0.45796748995780945,0.9415475130081177,0,,,,,,,,
,,8299,0.329317569732666,0.33226343989372253,0.6615810394287109,0,,,,,,,,
,,8349,0.5453954339027405,0.4980922341346741,1.0434876680374146,0,,,,,,,,
,,8399,0.4322676956653595,0.44131165742874146,0.8735793828964233,0,,,,,,,,
,,8449,0.20551376044750214,0.2062593251466751,0.41177308559417725,0,,,,,,,,
,,8499,0.13335750997066498,0.13706345856189728,0.27042096853256226,0,,,,,,,,
,,8549,0.16920152306556702,0.1596340537071228,0.3288355767726898,0,,,,,,,,
,,8599,0.6026331186294556,0.5236714482307434,1.1263046264648438,0,,,,,,,,
,,8649,0.2868506908416748,0.23509983718395233,0.5219505429267883,0,,,,,,,,
,,8699,0.44667088985443115,0.5276346206665039,0.9743055105209351,0,,,,,,,,
,,8749,0.2504849135875702,0.2841825485229492,0.5346674919128418,0,,,,,,,,
,,8799,0.36873292922973633,0.34863150119781494,0.7173644304275513,0,,,,,,,,
,,8849,0.2753821909427643,0.27913615107536316,0.5545183420181274,0,,,,,,,,
,,8899,0.3433035910129547,0.3583920896053314,0.7016956806182861,0,,,,,,,,
,,8949,0.21874794363975525,0.21984761953353882,0.43859556317329407,0,,,,,,,,
,,8999,0.2552115321159363,0.23836518824100494,0.49357670545578003,0,,,,,,,,
,,9049,0.17485705018043518,0.17371679842472076,0.34857386350631714,0,,,,,,,,
,,9099,0.1998721808195114,0.20258022844791412,0.40245240926742554,0,,,,,,,,
,,9149,0.28694045543670654,0.2651084363460541,0.552048921585083,0,,,,,,,,
,,9199,0.24330565333366394,0.2259717434644699,0.46927738189697266,0,,,,,,,,
,,9249,0.3260015845298767,0.31547874212265015,0.6414803266525269,0,,,,,,,,
,,9299,0.22630353271961212,0.24049946665763855,0.46680301427841187,0,,,,,,,,
,,9349,0.27295371890068054,0.2740883529186249,0.5470420718193054,0,,,,,,,,
,,9399,0.5294701457023621,0.5177241563796997,1.047194242477417,0,,,,,,,,
,,9449,0.11059124022722244,0.10705436766147614,0.21764561533927917,0,,,,,,,,
,,9499,0.12854264676570892,0.1348889172077179,0.2634315490722656,0,,,,,,,,
,,9549,0.1846787929534912,0.1723741739988327,0.3570529818534851,0,,,,,,,,
,,9599,0.30175602436065674,0.3111657202243805,0.6129217147827148,0,,,,,,,,
,,9649,0.3343411684036255,0.3107494115829468,0.6450905799865723,0,,,,,,,,
,,9699,0.24763789772987366,0.27101075649261475,0.518648624420166,0,,,,,,,,
,,9749,0.20848265290260315,0.11111245304346085,0.3195950984954834,0,,,,,,,,
,,9799,0.382876455783844,0.39950963854789734,0.782386064529419,0,,,,,,,,
,,9849,0.39128735661506653,0.30716004967689514,0.6984474062919617,0,,,,,,,,
,,9899,0.3130544424057007,0.2908119559288025,0.6038663983345032,0,,,,,,,,
,,9949,0.2479466050863266,0.24488843977451324,0.49283504486083984,0,,,,,,,,
,,9999,0.30565863847732544,0.3051266670227051,0.6107853055000305,0,,,,,,,,
,,10049,0.6953120231628418,0.5809518098831177,1.2762638330459595,0,,,,,,,,
,,10099,0.33133307099342346,0.32100364565849304,0.6523367166519165,0,,,,,,,,
,,10149,0.34824052453041077,0.34606364369392395,0.6943041682243347,0,,,,,,,,
,,10199,0.26869016885757446,0.26988485455513,0.5385750532150269,0,,,,,,,,
,,10249,0.2835233211517334,0.2897314131259918,0.5732547044754028,0,,,,,,,,
,,10299,0.11771611869335175,0.11174064874649048,0.22945676743984222,0,,,,,,,,
,,10349,0.21979303658008575,0.22347255051136017,0.4432655870914459,0,,,,,,,,
,,10399,0.40350544452667236,0.36200621724128723,0.7655116319656372,0,,,,,,,,
,,10449,0.3107704222202301,0.32015734910964966,0.6309278011322021,0,,,,,,,,
,,10499,0.4166957139968872,0.30803000926971436,0.7247257232666016,0,,,,,,,,
,,10549,0.29213637113571167,0.28841695189476013,0.5805532932281494,0,,,,,,,,
,,10599,0.43106207251548767,0.41283735632896423,0.8438994288444519,0,,,,,,,,
,,10649,0.2990354001522064,0.27547743916511536,0.5745128393173218,0,,,,,,,,
,,10699,0.1519632637500763,0.13418741524219513,0.2861506938934326,0,,,,,,,,
,,10749,0.3608379364013672,0.3417533338069916,0.7025913000106812,0,,,,,,,,
,,10799,0.13141396641731262,0.13977494835853577,0.2711889147758484,0,,,,,,,,
,,10849,0.19458767771720886,0.197261780500412,0.39184945821762085,0,,,,,,,,
,,10899,0.21297937631607056,0.2333201766014099,0.44629955291748047,0,,,,,,,,
,,10949,0.5437681674957275,0.4338977336883545,0.977665901184082,0,,,,,,,,
,,10999,0.23051826655864716,0.23525288701057434,0.4657711386680603,0,,,,,,,,
,,11049,0.19523094594478607,0.20094473659992218,0.39617568254470825,0,,,,,,,,
,,11099,0.22032985091209412,0.20750631392002106,0.42783617973327637,0,,,,,,,,
,,11149,0.14316365122795105,0.15057528018951416,0.2937389314174652,0,,,,,,,,
,,11199,0.34648266434669495,0.3528954088687897,0.6993780732154846,0,,,,,,,,
,,11249,0.25901785492897034,0.25551658868789673,0.5145344734191895,0,,,,,,,,
,,11299,0.08861412107944489,0.0906769409775734,0.17929106950759888,0,,,,,,,,
,,11349,0.1668969690799713,0.1878582239151001,0.3547551929950714,0,,,,,,,,
,,11399,0.1282026767730713,0.11991001665592194,0.24811269342899323,0,,,,,,,,
,,11449,0.07019603997468948,0.07269012182950974,0.14288616180419922,0,,,,,,,,
,,11499,0.2715727984905243,0.2791728377342224,0.5507456064224243,0,,,,,,,,
,,11549,0.11016231775283813,0.11317750066518784,0.22333982586860657,0,,,,,,,,
,,11599,0.27917760610580444,0.2814330458641052,0.5606106519699097,0,,,,,,,,
,,11649,0.21668431162834167,0.21590007841587067,0.43258440494537354,0,,,,,,,,
,,11699,0.515763521194458,0.47175130248069763,0.987514853477478,0,,,,,,,,
,,11749,0.34423673152923584,0.3129430413246155,0.6571797728538513,0,,,,,,,,
,,11799,0.07750105857849121,0.07812801003456116,0.15562906861305237,0,,,,,,,,
,,11849,0.26551419496536255,0.2581011652946472,0.5236153602600098,0,,,,,,,,
,,11899,0.18655435740947723,0.19123618304729462,0.37779054045677185,0,,,,,,,,
,,11949,0.17359139025211334,0.18696114420890808,0.3605525493621826,0,,,,,,,,
,,11999,0.39751800894737244,0.39440611004829407,0.7919241189956665,0,,,,,,,,
,,12049,0.3351254165172577,0.3312351107597351,0.6663604974746704,0,,,,,,,,
,,12099,0.21129827201366425,0.19943206012248993,0.4107303321361542,0,,,,,,,,
,,12149,0.1375504583120346,0.1353902667760849,0.2729407250881195,0,,,,,,,,
,,12199,0.15493565797805786,0.13854527473449707,0.29348093271255493,0,,,,,,,,
,,12249,0.2549590766429901,0.2490108758211136,0.5039699673652649,0,,,,,,,,
,,12299,0.4350638687610626,0.3903942406177521,0.8254581093788147,0,,,,,,,,
,,12349,0.2159021645784378,0.21415425837039948,0.4300564229488373,0,,,,,,,,
,,12399,0.1733863800764084,0.17435191571712494,0.3477382957935333,0,,,,,,,,
,,12449,0.28784605860710144,0.2864573895931244,0.5743034482002258,0,,,,,,,,
,,12499,0.21562586724758148,0.20092834532260895,0.41655421257019043,0,,,,,,,,
,,12549,0.20118460059165955,0.2026560753583908,0.40384066104888916,0,,,,,,,,
,,12599,0.2820865213871002,0.26297780871391296,0.5450643301010132,0,,,,,,,,
,,12649,0.2771332561969757,0.29597926139831543,0.5731124877929688,0,,,,,,,,
,,12699,0.28175559639930725,0.2812691926956177,0.5630247592926025,0,,,,,,,,
,,12749,0.2890241742134094,0.2790212333202362,0.5680453777313232,0,,,,,,,,
,,12799,0.30054163932800293,0.25858134031295776,0.5591229796409607,0,,,,,,,,
,,12849,0.15020281076431274,0.1409042626619339,0.29110705852508545,0,,,,,,,,
,,12899,0.16502627730369568,0.1469842791557312,0.3120105564594269,0,,,,,,,,
,,12949,0.50215083360672,0.47102871537208557,0.9731795787811279,0,,,,,,,,
,,12999,0.1464191973209381,0.13429297506809235,0.28071218729019165,0,,,,,,,,
,,13049,0.11356927454471588,0.120122529566288,0.23369181156158447,0,,,,,,,,
,,13099,0.43497931957244873,0.29753077030181885,0.7325100898742676,0,,,,,,,,
,,13149,0.28640925884246826,0.2866274118423462,0.5730366706848145,0,,,,,,,,
,,13199,0.28785544633865356,0.2801363170146942,0.5679917335510254,0,,,,,,,,
,,13249,0.40239545702934265,0.39539283514022827,0.7977882623672485,0,,,,,,,,
,,13299,0.1613718867301941,0.14437246322631836,0.30574434995651245,0,,,,,,,,
,,13349,0.2526746988296509,0.22956262528896332,0.4822373390197754,0,,,,,,,,
,,13399,0.4790741801261902,0.43552955985069275,0.9146037101745605,0,,,,,,,,
,,13449,0.10238460451364517,0.10432266443967819,0.20670726895332336,0,,,,,,,,
,,13499,0.192299947142601,0.18208596110343933,0.37438589334487915,0,,,,,,,,
,,13549,0.2193172127008438,0.2186683714389801,0.4379855990409851,0,,,,,,,,
,,13599,0.2868081331253052,0.23853641748428345,0.5253445506095886,0,,,,,,,,
,,13649,0.20174819231033325,0.18443644046783447,0.3861846327781677,0,,,,,,,,
,,13699,0.34561848640441895,0.33666032552719116,0.6822788119316101,0,,,,,,,,
,,13749,0.892104983329773,1.3707362413406372,2.26284122467041,0,,,,,,,,
,,13799,0.2240484207868576,0.25220727920532227,0.47625571489334106,0,,,,,,,,
,,13849,0.3009287714958191,0.28100451827049255,0.5819332599639893,0,,,,,,,,
,,13899,0.24586638808250427,0.2438899278640747,0.489756315946579,0,,,,,,,,
,,13949,0.25067248940467834,0.2442537248134613,0.49492621421813965,0,,,,,,,,
,,13999,0.24548129737377167,0.24282097816467285,0.4883022904396057,0,,,,,,,,
,,14049,0.2547731101512909,0.28575316071510315,0.540526270866394,0,,,,,,,,
,,14099,0.2145857810974121,0.2202472984790802,0.4348330795764923,0,,,,,,,,
,,14149,0.3384533226490021,0.33052828907966614,0.6689816117286682,0,,,,,,,,
,,14199,0.27118274569511414,0.22322875261306763,0.49441149830818176,0,,,,,,,,
,,14249,0.21267792582511902,0.20933020114898682,0.42200812697410583,0,,,,,,,,
,,14299,0.2545645236968994,0.21013419330120087,0.4646987318992615,0,,,,,,,,
,,14349,0.5473095774650574,0.425886332988739,0.9731959104537964,0,,,,,,,,
,,14399,0.29431164264678955,0.26774221658706665,0.5620538592338562,0,,,,,,,,
,,14449,0.08250511437654495,0.0829840898513794,0.16548919677734375,0,,,,,,,,
,,14499,0.15957124531269073,0.15630380809307098,0.3158750534057617,0,,,,,,,,
,,14549,0.23396621644496918,0.2310159057378769,0.46498212218284607,0,,,,,,,,
,,14599,0.1095225140452385,0.09191082417964935,0.20143333077430725,0,,,,,,,,
,,14649,0.33654889464378357,0.33612021803855896,0.6726691126823425,0,,,,,,,,
,,14699,0.12047463655471802,0.11514919251203537,0.23562383651733398,0,,,,,,,,
,,14749,0.4665730893611908,0.43272754549980164,0.8993006348609924,0,,,,,,,,
,,14799,0.28356704115867615,0.2727912366390228,0.556358277797699,0,,,,,,,,
,,14849,0.17488794028759003,0.18266095221042633,0.35754889249801636,0,,,,,,,,
,,14899,0.1857583373785019,0.15518757700920105,0.34094589948654175,0,,,,,,,,
,,14949,0.244883194565773,0.22967815399169922,0.47456133365631104,0,,,,,,,,
,,14999,0.4183062016963959,0.383883535861969,0.8021897077560425,0,,,,,,,,
,,15049,0.13327692449092865,0.13639333844184875,0.2696702480316162,0,,,,,,,,
,,15099,0.2513185441493988,0.2303953766822815,0.4817139208316803,0,,,,,,,,
,,15149,0.0986459031701088,0.09503044188022614,0.19367635250091553,0,,,,,,,,
,,15199,0.3183048963546753,0.3541776239871979,0.6724824905395508,0,,,,,,,,
,,15249,0.2769921123981476,0.24673175811767578,0.523723840713501,0,,,,,,,,
,,15299,0.1464051455259323,0.13746969401836395,0.28387483954429626,0,,,,,,,,
,,15349,0.11943501234054565,0.1226968765258789,0.24213188886642456,0,,,,,,,,
,,15399,0.24436049163341522,0.2219180166721344,0.4662784934043884,0,,,,,,,,
,,15449,0.29779836535453796,0.270840585231781,0.5686389207839966,0,,,,,,,,
,,15499,0.14466413855552673,0.1422709971666336,0.28693515062332153,0,,,,,,,,
,,15549,0.4133976101875305,0.4152161777019501,0.8286137580871582,0,,,,,,,,
,,15599,0.33034414052963257,0.28008654713630676,0.6104307174682617,0,,,,,,,,
,,15649,0.3381810784339905,0.3016414940357208,0.6398226022720337,0,,,,,,,,
,,15699,0.24718788266181946,0.24931830167770386,0.4965061843395233,0,,,,,,,,
,,15749,0.1296180933713913,0.12591657042503357,0.25553464889526367,0,,,,,,,,
,,15799,0.3823716640472412,0.35674089193344116,0.7391125559806824,0,,,,,,,,
,,15849,0.19768518209457397,0.18209031224250793,0.3797754943370819,0,,,,,,,,
,,15899,0.3259503245353699,0.2942248284816742,0.6201751232147217,0,,,,,,,,
,,15949,0.2191261649131775,0.20994196832180023,0.4290681481361389,0,,,,,,,,
,,15999,0.2595401108264923,0.26350337266921997,0.5230435132980347,0,,,,,,,,
,,16049,0.2958516776561737,0.25506383180618286,0.5509154796600342,0,,,,,,,,
,,16099,0.3606114685535431,0.34207284450531006,0.7026842832565308,0,,,,,,,,
,,16149,0.42953771352767944,0.4133608639240265,0.8428986072540283,0,,,,,,,,
,,16199,0.2097935676574707,0.20670214295387268,0.4164957106113434,0,,,,,,,,
,,16249,0.2382958084344864,0.22941896319389343,0.467714786529541,0,,,,,,,,
,,16299,0.16270220279693604,0.1659330427646637,0.32863524556159973,0,,,,,,,,
,,16349,0.3115948438644409,0.3023943305015564,0.6139891743659973,0,,,,,,,,
,,16399,0.20847277343273163,0.1988767683506012,0.40734952688217163,0,,,,,,,,
,,16449,0.25677984952926636,0.26952889561653137,0.5263087749481201,0,,,,,,,,
,,16499,0.3610111176967621,0.3594474792480469,0.7204586267471313,0,,,,,,,,
,,16549,0.1674792468547821,0.16668327152729034,0.33416253328323364,0,,,,,,,,
,,16599,0.38236141204833984,0.3770458698272705,0.7594072818756104,0,,,,,,,,
,,16649,0.2639004588127136,0.3204667568206787,0.5843672156333923,0,,,,,,,,
,,16699,0.29630011320114136,0.27480611205101013,0.5711061954498291,0,,,,,,,,
,,16749,0.5205004215240479,0.4868459403514862,1.0073463916778564,0,,,,,,,,
,,16799,0.37667006254196167,0.32574108242988586,0.7024111747741699,0,,,,,,,,
,,16849,0.24346087872982025,0.21476702392101288,0.45822790265083313,0,,,,,,,,
,,16899,0.3565291464328766,0.34706318378448486,0.7035923004150391,0,,,,,,,,
,,16949,0.14190134406089783,0.14568616449832916,0.2875875234603882,0,,,,,,,,
,,16999,0.2196635603904724,0.21060125529766083,0.43026483058929443,0,,,,,,,,
,,17049,0.17052039504051208,0.15621155500411987,0.32673195004463196,0,,,,,,,,
,,17099,0.13976967334747314,0.12696391344070435,0.2667335867881775,0,,,,,,,,
,,17149,0.34478455781936646,0.3016848564147949,0.6464694142341614,0,,,,,,,,
,,17199,0.19070108234882355,0.19648025929927826,0.3871813416481018,0,,,,,,,,
,,17249,0.1421898752450943,0.12903036177158356,0.27122023701667786,0,,,,,,,,
,,17299,0.306417316198349,0.30459365248680115,0.6110109686851501,0,,,,,,,,
,,17349,0.28188204765319824,0.2652784287929535,0.5471605062484741,0,,,,,,,,
,,17399,0.08395197987556458,0.0821390226483345,0.16609099507331848,0,,,,,,,,
,,17449,0.3175755739212036,0.30342379212379456,0.6209993362426758,0,,,,,,,,
,,17499,0.35284608602523804,0.341106653213501,0.693952739238739,0,,,,,,,,
,,17549,0.3361465334892273,0.3403705954551697,0.676517128944397,0,,,,,,,,
,,17599,0.28801286220550537,0.26047995686531067,0.5484927892684937,0,,,,,,,,
,,17649,0.16431491076946259,0.1517334133386612,0.3160483241081238,0,,,,,,,,
,,17699,0.1456480771303177,0.13740858435630798,0.28305667638778687,0,,,,,,,,
,,17749,0.29978594183921814,0.2791059613227844,0.5788918733596802,0,,,,,,,,
,,17799,0.35919874906539917,0.3551182746887207,0.7143170237541199,0,,,,,,,,
,,17849,0.24219976365566254,0.2116825431585312,0.4538823068141937,0,,,,,,,,
,,17899,0.09375784546136856,0.08091070502996445,0.174668550491333,0,,,,,,,,
,,17949,0.2994212806224823,0.31690460443496704,0.616325855255127,0,,,,,,,,
,,17999,0.1577809602022171,0.15419985353946686,0.31198081374168396,0,,,,,,,,
,,18049,0.1027655303478241,0.09203286468982697,0.19479839503765106,0,,,,,,,,
,,18099,0.3873928189277649,0.37313413619995117,0.7605269551277161,0,,,,,,,,
,,18149,0.223697230219841,0.19927562773227692,0.4229728579521179,0,,,,,,,,
,,18199,0.16529740393161774,0.15964709222316742,0.32494449615478516,0,,,,,,,,
,,18249,0.33334237337112427,0.2992514669895172,0.6325938701629639,0,,,,,,,,
,,18299,0.21409228444099426,0.21062524616718292,0.4247175455093384,0,,,,,,,,
,,18349,0.11809997260570526,0.11877235770225525,0.2368723303079605,0,,,,,,,,
,,18399,0.38359907269477844,0.36903518438339233,0.7526342868804932,0,,,,,,,,
,,18449,0.15897691249847412,0.14979596436023712,0.30877286195755005,0,,,,,,,,
,,18499,0.10671044886112213,0.11878541857004166,0.22549587488174438,0,,,,,,,,
,,18549,0.21961885690689087,0.20527565479278564,0.4248945116996765,0,,,,,,,,
,,18599,0.3209742605686188,0.3143279254436493,0.6353021860122681,0,,,,,,,,
,,18649,0.17880840599536896,0.16146942973136902,0.34027785062789917,0,,,,,,,,
,,18699,0.18875053524971008,0.19234107434749603,0.3810915946960449,0,,,,,,,,
,,18749,0.1307201236486435,0.13104574382305145,0.26176586747169495,0,,,,,,,,
,,18799,0.1546858549118042,0.1513829231262207,0.3060687780380249,0,,,,,,,,
,,18849,0.17660048604011536,0.17677347362041473,0.3533739447593689,0,,,,,,,,
,,18899,0.1545659452676773,0.14750224351882935,0.30206817388534546,0,,,,,,,,
,,18949,0.38174518942832947,0.3738686740398407,0.7556138634681702,0,,,,,,,,
,,18999,0.10929514467716217,0.10874637216329575,0.21804150938987732,0,,,,,,,,
,,19049,0.12151073664426804,0.11903320997953415,0.24054394662380219,0,,,,,,,,
,,19099,0.13523238897323608,0.13448575139045715,0.26971814036369324,0,,,,,,,,
,,19149,0.23832185566425323,0.2596554458141327,0.4979773163795471,0,,,,,,,,
,,19199,0.19361793994903564,0.15090499818325043,0.34452295303344727,0,,,,,,,,
,,19249,0.10832508653402328,0.10522052645683289,0.21354562044143677,0,,,,,,,,
,,19299,0.20190224051475525,0.18952253460884094,0.3914247751235962,0,,,,,,,,
,,19349,0.8724482655525208,0.8192081451416016,1.6916563510894775,0,,,,,,,,
,,19399,0.10480032861232758,0.09730001538991928,0.20210033655166626,0,,,,,,,,
,,19449,0.11277813464403152,0.1138378381729126,0.22661596536636353,0,,,,,,,,
,,19499,0.1753411889076233,0.17877286672592163,0.3541140556335449,0,,,,,,,,
,,19549,0.2016936093568802,0.1988975703716278,0.4005911946296692,0,,,,,,,,
,,19599,0.16059955954551697,0.14471358060836792,0.3053131401538849,0,,,,,,,,
,,19649,0.21315635740756989,0.17377187311649323,0.3869282305240631,0,,,,,,,,
,,19699,0.15108174085617065,0.1394350528717041,0.29051679372787476,0,,,,,,,,
,,19749,0.27833291888237,0.29437384009361267,0.5727067589759827,0,,,,,,,,
,,19799,0.1919977068901062,0.15975701808929443,0.35175472497940063,0,,,,,,,,
,,19849,0.16570182144641876,0.15038840472698212,0.3160902261734009,0,,,,,,,,
,,19899,0.24343086779117584,0.21966461837291718,0.463095486164093,0,,,,,,,,
,,19949,0.14315852522850037,0.14575015008449554,0.2889086604118347,0,,,,,,,,
,,19999,0.2775524854660034,0.27316993474960327,0.5507224202156067,0,,,,,,,,
,,20049,0.32865920662879944,0.3219100534915924,0.6505692601203918,0,,,,,,,,
,,20099,0.18049584329128265,0.17169778048992157,0.3521936237812042,0,,,,,,,,
,,20149,0.4622766673564911,0.4217982888221741,0.8840749263763428,0,,,,,,,,
,,20199,0.32538360357284546,0.30009952187538147,0.6254831552505493,0,,,,,,,,
,,20249,0.13201667368412018,0.11869693547487259,0.25071361660957336,0,,,,,,,,
,,20299,0.33371859788894653,0.3395831882953644,0.6733018159866333,0,,,,,,,,
,,20349,0.2442762851715088,0.2363796830177307,0.4806559681892395,0,,,,,,,,
,,20399,0.1175474151968956,0.11603964120149612,0.23358705639839172,0,,,,,,,,
,,20449,0.05945277214050293,0.048864129930734634,0.10831689834594727,0,,,,,,,,
,,20499,0.2268865704536438,0.2117532640695572,0.4386398196220398,0,,,,,,,,
,,20549,0.4151791036128998,0.3603094220161438,0.7754884958267212,0,,,,,,,,
,,20599,0.21090292930603027,0.1870688647031784,0.3979718089103699,0,,,,,,,,
,,20649,0.22877076268196106,0.23449142277240753,0.4632622003555298,0,,,,,,,,
,,20699,0.4252198338508606,0.40906018018722534,0.8342800140380859,0,,,,,,,,
,,20749,0.38901808857917786,0.38874027132987976,0.7777583599090576,0,,,,,,,,
,,20799,0.2945326268672943,0.26090073585510254,0.5554333925247192,0,,,,,,,,
,,20849,0.09730812162160873,0.08889609575271606,0.1862042248249054,0,,,,,,,,
,,20899,0.228631854057312,0.23822584748268127,0.4668577015399933,0,,,,,,,,
,,20949,0.2869560122489929,0.26775091886520386,0.5547069311141968,0,,,,,,,,
,,20999,0.15177233517169952,0.15923969447612762,0.31101202964782715,0,,,,,,,,
,,21049,0.31626731157302856,0.32285276055336,0.6391201019287109,0,,,,,,,,
,,21099,0.27239322662353516,0.22165356576442719,0.49404680728912354,0,,,,,,,,
,,21149,0.151038259267807,0.13125164806842804,0.28228992223739624,0,,,,,,,,
,,21199,0.08539047092199326,0.08533797413110733,0.17072844505310059,0,,,,,,,,
,,21249,0.2916923463344574,0.27969464659690857,0.571386992931366,0,,,,,,,,
,,21299,0.19647544622421265,0.18983951210975647,0.3863149583339691,0,,,,,,,,
,,21349,0.5642991662025452,0.5067715048789978,1.071070671081543,0,,,,,,,,
,,21399,0.16806861758232117,0.1643715500831604,0.33244016766548157,0,,,,,,,,
,,21449,0.29309386014938354,0.2489396333694458,0.5420334935188293,0,,,,,,,,
,,21499,0.14232459664344788,0.11345396935939789,0.25577855110168457,0,,,,,,,,
,,21549,0.19853250682353973,0.20770661532878876,0.4062391221523285,0,,,,,,,,
,,21599,0.14274834096431732,0.14794443547725677,0.2906927764415741,0,,,,,,,,
,,21649,0.07591398060321808,0.07619273662567139,0.15210671722888947,0,,,,,,,,
,,21699,0.14946311712265015,0.1318802386522293,0.28134334087371826,0,,,,,,,,
,,21749,0.2979906499385834,0.29541152715682983,0.5934021472930908,0,,,,,,,,
,,21799,0.20854350924491882,0.2168128490447998,0.42535635828971863,0,,,,,,,,
,,21849,0.33440732955932617,0.2790811359882355,0.6134884357452393,0,,,,,,,,
,,21899,0.11435262113809586,0.11602871865034103,0.2303813397884369,0,,,,,,,,
,,21949,0.10323218256235123,0.09471915662288666,0.19795134663581848,0,,,,,,,,
,,21999,0.2834565341472626,0.27128085494041443,0.554737389087677,0,,,,,,,,
,,22049,0.15605008602142334,0.1357402205467224,0.29179030656814575,0,,,,,,,,
,,22099,0.07716866582632065,0.07789791375398636,0.155066579580307,0,,,,,,,,
,,22149,0.2952251434326172,0.27374282479286194,0.5689679384231567,0,,,,,,,,
,,22199,0.14159879088401794,0.13183963298797607,0.273438423871994,0,,,,,,,,
,,22249,0.135177344083786,0.13000459969043732,0.2651819586753845,0,,,,,,,,
,,22299,0.2557963728904724,0.24198748171329498,0.4977838397026062,0,,,,,,,,
,,22349,0.338779091835022,0.30599725246429443,0.6447763442993164,0,,,,,,,,
,,22399,0.05191780999302864,0.05688876658678055,0.10880658030509949,0,,,,,,,,
,,22449,0.265888512134552,0.2480045109987259,0.5138930082321167,0,,,,,,,,
,,22499,0.19681109488010406,0.20027604699134827,0.3970871567726135,0,,,,,,,,
,,22549,0.17768347263336182,0.16444522142410278,0.3421286940574646,0,,,,,,,,
,,22599,0.12615472078323364,0.10897930711507797,0.2351340353488922,0,,,,,,,,
,,22649,0.23784342408180237,0.2262515127658844,0.46409493684768677,0,,,,,,,,
,,22699,0.3540063798427582,0.3466957211494446,0.7007020711898804,0,,,,,,,,
,,22749,0.05436718836426735,0.05246907100081444,0.10683625936508179,0,,,,,,,,
,,22799,0.2084227055311203,0.18303422629833221,0.3914569318294525,0,,,,,,,,
,,22849,0.3524180054664612,0.3357931077480316,0.6882110834121704,0,,,,,,,,
,,22899,0.2690191864967346,0.21598279476165771,0.48500198125839233,0,,,,,,,,
,,22949,0.37321823835372925,0.3284516930580139,0.7016699314117432,0,,,,,,,,
,,22999,0.40715205669403076,0.4152824282646179,0.8224344849586487,0,,,,,,,,
,,23049,0.18232809007167816,0.1807696521282196,0.3630977272987366,0,,,,,,,,
,,23099,0.08980241417884827,0.08919617533683777,0.17899858951568604,0,,,,,,,,
,,23149,0.2151106595993042,0.23523807525634766,0.45034873485565186,0,,,,,,,,
,,23199,0.16414083540439606,0.1609911322593689,0.32513195276260376,0,,,,,,,,
,,23249,0.13421842455863953,0.13996204733848572,0.27418047189712524,0,,,,,,,,
,,23299,0.21293257176876068,0.20378339290618896,0.41671597957611084,0,,,,,,,,
,,23349,0.223262757062912,0.19941355288028717,0.42267632484436035,0,,,,,,,,
,,23399,0.19362564384937286,0.1677512228488922,0.36137688159942627,0,,,,,,,,
,,23449,0.09721532464027405,0.10540687292814255,0.2026222050189972,0,,,,,,,,
,,23499,0.2822396457195282,0.2825027108192444,0.5647423267364502,0,,,,,,,,
,,23549,0.0695822536945343,0.0683518573641777,0.1379341185092926,0,,,,,,,,
,,23599,0.2958168089389801,0.2185104340314865,0.5143272280693054,0,,,,,,,,
,,23649,0.2056088000535965,0.18801528215408325,0.39362406730651855,0,,,,,,,,
,,23699,0.26617658138275146,0.27198317646980286,0.5381597280502319,0,,,,,,,,
,,23749,0.25026652216911316,0.25100818276405334,0.5012747049331665,0,,,,,,,,
,,23791,,,,0,0.2178436666727066,0.19702251255512238,0.4148674011230469,0.40098637342453003,1.1016292572021484,,,
,,23791,,,,0,,,,,,0.6315664052963257,0.4818344712257385,1.1133984327316284
0.00025,0.00025,23792,,,,,,,,,,,,
,,23799,0.2738468647003174,0.23579788208007812,0.5096447467803955,1,,,,,,,,
,,23849,0.22632555663585663,0.22834527492523193,0.45467084646224976,1,,,,,,,,
,,23899,0.41254884004592896,0.37536847591400146,0.7879173159599304,1,,,,,,,,
,,23949,0.9838725924491882,1.057727336883545,2.041599988937378,1,,,,,,,,
,,23999,0.4874641001224518,0.46182581782341003,0.9492899179458618,1,,,,,,,,
,,24049,0.3014013469219208,0.32822319865226746,0.6296245455741882,1,,,,,,,,
,,24099,0.18060488998889923,0.1750877946615219,0.35569268465042114,1,,,,,,,,
,,24149,0.18150931596755981,0.193524569272995,0.3750338852405548,1,,,,,,,,
,,24199,0.27672815322875977,0.2594738304615021,0.5362019538879395,1,,,,,,,,
,,24249,0.13680382072925568,0.14070452749729156,0.27750834822654724,1,,,,,,,,
,,24299,0.23218472301959991,0.23678769171237946,0.46897241473197937,1,,,,,,,,
,,24349,0.10573136806488037,0.10557331144809723,0.2113046795129776,1,,,,,,,,
